{
  "co": {
    "r2": -1.9719237186850798,
    "mae": 3.89423841384623,
    "rmse": 4.5926723004649315
  },
  "no2": {
    "r2": -0.03727824796307022,
    "mae": 9.507884020426419,
    "rmse": 11.719371857681699
  },
  "o3": {
    "r2": 0.3856389224806771,
    "mae": 5.213805955220913,
    "rmse": 6.597153730700711
  },
  "pm10": {
    "r2": 0.8765586326215807,
    "mae": 4.663369576561803,
    "rmse": 6.420313701342843
  },
  "pm25": {
    "r2": 0.9318322348952145,
    "mae": 6.694440043983894,
    "rmse": 10.910878009803898
  },
  "so2": {
    "r2": 0.24842675656254265,
    "mae": 5.523187807514538,
    "rmse": 6.56304475553367
  },
  "Temp": {
    "r2": 0.8172497244320152,
    "mae": 1.6384764735848125,
    "rmse": 2.0510270964939052
  },
  "Rain": {
    "r2": 0.3465762457901391,
    "mae": 0.2416732891009393,
    "rmse": 0.46943779676690883
  },
  "Cloud": {
    "r2": 0.9130563954677531,
    "mae": 6.00008543934198,
    "rmse": 7.572855393549414
  },
  "Pressure": {
    "r2": 0.6891708069985913,
    "mae": 3.2595570983052395,
    "rmse": 4.051042396137474
  },
  "Wind": {
    "r2": 0.568675121317824,
    "mae": 1.6878092229511459,
    "rmse": 2.181449622761312
  },
  "Gust": {
    "r2": 0.5269136183670593,
    "mae": 2.4277341645544457,
    "rmse": 3.2482264668665235
  }
}