{
  "co": {
    "r2": -2.0776267589504767,
    "mae": 3.9959023252863566,
    "rmse": 4.673632977946669
  },
  "no2": {
    "r2": -0.09876464576116994,
    "mae": 9.81029720394737,
    "rmse": 12.061714314158516
  },
  "o3": {
    "r2": 0.40179409151145207,
    "mae": 5.162549557778744,
    "rmse": 6.509836886074975
  },
  "pm10": {
    "r2": 0.8709530981421181,
    "mae": 4.730878151732642,
    "rmse": 6.564470150688853
  },
  "pm25": {
    "r2": 0.9307439090629599,
    "mae": 6.801365787661307,
    "rmse": 10.997631399249709
  },
  "so2": {
    "r2": 0.20065628994678064,
    "mae": 5.730379109576629,
    "rmse": 6.76840739912803
  },
  "Temp": {
    "r2": 0.7967148732177569,
    "mae": 1.7349341040488606,
    "rmse": 2.163192558015457
  },
  "Rain": {
    "r2": 0.30908562321184785,
    "mae": 0.25002334348267363,
    "rmse": 0.48271712859735355
  },
  "Cloud": {
    "r2": 0.9130693817613408,
    "mae": 6.016837217268379,
    "rmse": 7.572289814307025
  },
  "Pressure": {
    "r2": 0.6609310162995023,
    "mae": 3.405464279306287,
    "rmse": 4.231067171495636
  },
  "Wind": {
    "r2": 0.5421914282083863,
    "mae": 1.7327882571226616,
    "rmse": 2.2474233753257886
  },
  "Gust": {
    "r2": 0.4978125578240884,
    "mae": 2.4935696167717847,
    "rmse": 3.3466400315564737
  }
}