{
  "co": {
    "r2": -1.8410866260528564,
    "mae": 0.03600430116057396,
    "rmse": 0.04441544665240614
  },
  "no2": {
    "r2": 0.1686909794807434,
    "mae": 0.12142662703990936,
    "rmse": 0.14196562826909032
  },
  "o3": {
    "r2": 0.17101448774337769,
    "mae": 0.029208622872829437,
    "rmse": 0.04230173647072661
  },
  "pm10": {
    "r2": 0.2666206359863281,
    "mae": 0.06651623547077179,
    "rmse": 0.08404989514542205
  },
  "pm25": {
    "r2": 0.6217265129089355,
    "mae": 0.06751611083745956,
    "rmse": 0.08657831535566271
  },
  "so2": {
    "r2": 0.8187534213066101,
    "mae": 0.043857280164957047,
    "rmse": 0.06574659676705312
  },
  "Temp": {
    "r2": 0.8720274567604065,
    "mae": 0.04501035064458847,
    "rmse": 0.05969447929897683
  },
  "Rain": {
    "r2": 0.18996918201446533,
    "mae": 0.03870006278157234,
    "rmse": 0.06267527872194968
  },
  "Cloud": {
    "r2": 0.43992042541503906,
    "mae": 0.15290752053260803,
    "rmse": 0.19195950599594028
  },
  "Pressure": {
    "r2": 0.8603003621101379,
    "mae": 0.04625163599848747,
    "rmse": 0.05990765181158953
  },
  "Wind": {
    "r2": 0.24717044830322266,
    "mae": 0.08493643254041672,
    "rmse": 0.10821676495373085
  },
  "Gust": {
    "r2": 0.22887104749679565,
    "mae": 0.0643998384475708,
    "rmse": 0.08454329233011132
  }
}